trip_month,half_of_the_month,average_trip_distance
1,2,3.035176919854444
2,2,3.268536761462435
3,2,3.4389797477583124
4,2,3.5167416640965343
5,2,3.7264398061072552
6,2,3.749754256265424
1,1,3.3097389458996176
2,1,3.0105515273484746
3,1,3.30416478130418
4,1,3.476682642475318
5,1,3.591029329755006
6,1,3.635475440582066
